{"0": {"x1": 125.48099517822266, "y1": 170.23452758789062, "x2": 128.04681396484375, "y2": 104.80575561523438, "x3": 270.45526123046875, "y3": 110.39041137695312, "x4": 267.8894348144531, "y4": 175.81918334960938}, "1": {"x1": 126.44849395751953, "y1": 105.06121826171875, "x2": 128.08245849609375, "y2": 39.702056884765625, "x3": 270.01873779296875, "y3": 43.250457763671875, "x4": 268.384765625, "y4": 108.609619140625}, "2": {"x1": 131.74945068359375, "y1": 444.7873229980469, "x2": 133.517822265625, "y2": 326.3062438964844, "x3": 251.49154663085938, "y3": 328.0670471191406, "x4": 249.72317504882812, "y4": 446.5481262207031}, "3": {"x1": 394.0, "y1": 153.99996948242188, "x2": 394.0, "y2": 45.99999237060547, "x3": 539.0, "y3": 46.0, "x4": 539.0, "y4": 153.99996948242188}, "4": {"x1": 425.8283386230469, "y1": 357.5354919433594, "x2": 427.6632385253906, "y2": 159.36727905273438, "x3": 539.6258544921875, "y3": 160.40396118164062, "x4": 537.791015625, "y4": 358.5721740722656}, "5": {"x1": 112.66203308105469, "y1": 310.2221374511719, "x2": 115.41127014160156, "y2": 178.25856018066406, "x3": 295.16656494140625, "y3": 182.00344848632812, "x4": 292.4173583984375, "y4": 313.967041015625}}